{
  "distortion": [
    -1.144078609864961,
    32.0681439851271,
    0.05662893066269611,
    0.03129681257279882,
    -852.3083440867164
  ],
  "matrix": [
    [
      627.5894606729734,
      0.0,
      194.71444712627073
    ],
    [
      0.0,
      637.7209135291555,
      131.47555959437096
    ],
    [
      0.0,
      0.0,
      1.0
    ]
  ],
  "rms": 0.2810408682607409
}