{
  "distortion": [
    0.1168582823915861,
    -0.4208638749708522,
    0.0070808810236138555,
    -0.02982514015301041,
    0.5520588387235706
  ],
  "matrix": [
    [
      1021.0622263295834,
      0.0,
      552.8474484290131
    ],
    [
      0.0,
      1008.1774266715116,
      379.2406614434425
    ],
    [
      0.0,
      0.0,
      1.0
    ]
  ],
  "rms": 2.303214513163709
}